tweets,actual_label,predictions
Column1,Column1,J A K E S.   B EJ O Y !!!\tNot_offensive
‡¥Ö‡¥™‡µç‡¥™‡µä ‡¥á‡¥§‡µä‡¥∞‡µä‡¥®‡µç‡¥®‡µä‡¥∞‡¥æ ‡¥Æ‡µä‡¥§‡¥≤‡¥æ‡¥£‡¥≤‡µç‡¥≤‡µá  Suraj ‡¥Ü‡¥£‡µç ‡¥®‡¥ü‡µª ‡¥®‡µç‡¥®‡µç ‡¥§‡µã‡¥®‡µç‡¥®‡µÅ‡¥®‡µç‡¥®‡µÅ,‡¥Ö‡¥™‡µç‡¥™‡µä ‡¥á‡¥§‡µä‡¥∞‡µä‡¥®‡µç‡¥®‡µä‡¥∞‡¥æ ‡¥Æ‡µä‡¥§‡¥≤‡¥æ‡¥£‡¥≤‡µç‡¥≤‡µá  Suraj ‡¥Ü‡¥£‡µç ‡¥®‡¥ü‡µª ‡¥®‡µç‡¥®‡µç ‡¥§‡µã‡¥®‡µç‡¥®‡µÅ‡¥®‡µç‡¥®‡µÅ,‡¥Ü‡¥∞‡¥£‡µç‡¥ü ‡¥Ü‡¥∞‡¥£‡µç‡¥ü ‡¥§‡¥≤‡µÅ‡¥£‡µç‡¥ü‡¥æ‡¥ï‡¥æ‡¥£‡¥æ ‡¥Ü‡¥∞‡¥£‡µç‡¥ü ‡¥û‡¥æ‡µª ‡¥Ü‡¥£‡µç‡¥ü ‡¥û‡¥æ‡µª ‡¥Ü‡¥£‡µç‡¥ü ‡¥û‡¥æ‡µª Royal Mech ‡¥Ü‡¥ü‡¥æ  ‡¥Ü‡¥∞‡¥£‡µç‡¥ü ‡¥Ü‡¥∞‡¥£‡µç‡¥ü ‡¥Æ‡µÄ‡¥∂ ‡¥™‡¥ø‡¥∞‡¥ø‡¥ï‡µç‡¥ï‡µÅ‡¥®‡µç‡¥® ‡¥Ü‡¥∞‡¥£‡µç‡¥ü ‡¥û‡¥æ‡µª ‡¥Ü‡¥£‡µç‡¥ü ‡¥û‡¥æ‡µª ‡¥Ü‡¥£‡µç‡¥ü ‡¥û‡¥æ‡µª royal Mech ‡¥Ü‡¥ü‡¥æ\tNot_offensive
‡¥é‡¥®‡µç‡¥§‡µç ‡¥ä‡¥≥ ‡¥é‡¥°‡¥ø‡¥±‡µç‡¥±‡¥ø‡¥Ç‡¥ó‡µç ‡¥Ü‡¥ü‡µã ‡¥á‡¥§‡µç ‡¥í‡¥∞‡µÅ‡¥Æ‡¥æ‡¥§‡¥ø‡¥∞‡¥ø vivo videoorderil ‡¥ö‡µÜ‡¥Ø‡µç‡¥§‡¥™‡µã‡¥≤‡µÜ,‡¥é‡¥®‡µç‡¥§‡µç ‡¥ä‡¥≥ ‡¥é‡¥°‡¥ø‡¥±‡µç‡¥±‡¥ø‡¥Ç‡¥ó‡µç ‡¥Ü‡¥ü‡µã ‡¥á‡¥§‡µç ‡¥í‡¥∞‡µÅ‡¥Æ‡¥æ‡¥§‡¥ø‡¥∞‡¥ø vivo videoorderil ‡¥ö‡µÜ‡¥Ø‡µç‡¥§‡¥™‡µã‡¥≤‡µÜ,‡¥Ü‡¥∞‡¥£‡µç‡¥ü ‡¥Ü‡¥∞‡¥£‡µç‡¥ü ‡¥§‡¥≤‡µÅ‡¥£‡µç‡¥ü‡¥æ‡¥ï‡¥æ‡¥£‡¥æ ‡¥Ü‡¥∞‡¥£‡µç‡¥ü ‡¥û‡¥æ‡µª ‡¥Ü‡¥£‡µç‡¥ü ‡¥û‡¥æ‡µª ‡¥Ü‡¥£‡µç‡¥ü ‡¥û‡¥æ‡µª Royal Mech ‡¥Ü‡¥ü‡¥æ  ‡¥Ü‡¥∞‡¥£‡µç‡¥ü ‡¥Ü‡¥∞‡¥£‡µç‡¥ü ‡¥Æ‡µÄ‡¥∂ ‡¥™‡¥ø‡¥∞‡¥ø‡¥ï‡µç‡¥ï‡µÅ‡¥®‡µç‡¥® ‡¥Ü‡¥∞‡¥£‡µç‡¥ü ‡¥û‡¥æ‡µª ‡¥Ü‡¥£‡µç‡¥ü ‡¥û‡¥æ‡µª ‡¥Ü‡¥£‡µç‡¥ü ‡¥û‡¥æ‡µª royal Mech ‡¥Ü‡¥ü‡¥æ\tNot_offensive
Fefka ee padam release cheyyan samadhicho?,Fefka ee padam release cheyyan samadhicho?,eda rithwik nine njan theriparjilaloo ennitt ninte samkkaram kanichuvale f fff .valarthu dhosham nint ppp\tOffensive_Untargetede
‡¥Ö‡¥Ü‡¥π‡¥æ.. ‡¥∏‡¥Ç‡¥ó‡µÄ‡¥§‡¥Ç ‡¥ú‡µÜ‡¥ï‡µç‚Äå‡¥∏‡µç ‡¥¨‡¥ø‡¥ú‡µã‡¥Ø‡µç ‡¥Ü‡¥£‡µç ‡¥Ö‡¥™‡µç‡¥™‡µä ‡¥™‡µä‡¥ü‡µç‡¥ü‡¥≤‡µÅ‡¥Ç ‡¥ö‡µÄ‡¥±‡µç‡¥±‡¥≤‡µÅ‡¥Ç ‡¥í‡¥ï‡µç‡¥ï‡µÜ ‡¥á‡¥£‡µç‡¥ü‡¥æ‡¥µ‡µÅ‡¥Ç,‡¥Ö‡¥Ü‡¥π‡¥æ.. ‡¥∏‡¥Ç‡¥ó‡µÄ‡¥§‡¥Ç ‡¥ú‡µÜ‡¥ï‡µç‚Äå‡¥∏‡µç ‡¥¨‡¥ø‡¥ú‡µã‡¥Ø‡µç ‡¥Ü‡¥£‡µç ‡¥Ö‡¥™‡µç‡¥™‡µä ‡¥™‡µä‡¥ü‡µç‡¥ü‡¥≤‡µÅ‡¥Ç ‡¥ö‡µÄ‡¥±‡µç‡¥±‡¥≤‡µÅ‡¥Ç ‡¥í‡¥ï‡µç‡¥ï‡µÜ ‡¥á‡¥£‡µç‡¥ü‡¥æ‡¥µ‡µÅ‡¥Ç,‡¥∑‡µà‡¥≤‡µã‡¥ï‡µç‡¥ï‡µç ‡¥®‡µç‡¥±‡µÜ ‡¥®‡¥≤‡µç‡¥≤ ‡¥ü‡µÄ‡¥∏‡µº ‡¥Ü‡¥Ø‡¥ø‡¥ü‡µç‡¥ü‡µç ‡¥™‡µã‡¥≤‡µÅ‡¥Ç ‡¥ü‡µç‡¥∞‡µã‡¥≥‡¥ø ‡¥®‡¥ü‡¥®‡µç‡¥® ‡¥≤‡¥æ‡¥≤‡µá‡¥ü‡µç‡¥ü‡µª ‡¥´‡¥æ‡µª‡¥∏‡¥ø‡¥®‡µç ‡¥ï‡¥ø‡¥ü‡µç‡¥ü‡¥ø‡¥Ø‡µä‡¥∞‡µÅ ‡¥®‡¥≤‡µç‡¥≤‡µä‡¥∞‡µÅ ‡¥§‡¥ø‡¥∞‡¥ø‡¥ö‡µç‡¥ö‡¥ü‡¥ø ‡¥§‡¥®‡µç‡¥®‡µÜ ‡¥Ü‡¥Ø‡¥ø‡¥∞‡¥ø‡¥®‡µç‡¥®‡µÅ ‡¥¨‡¥ø‡¥ó‡µç ‡¥¨‡µç‡¥∞‡¥¶‡µº ‡¥®‡µç‡¥±‡µÜ ‡¥ü‡µç‡¥∞‡µÜ‡¥Ø‡µç‚Äå‡¥≤‡µº\tNot_offensive
Ravile thane views likes ethra ayyi enn nokan Vanavar adi like evide,Ravile thane views likes ethra ayyi enn nokan Vanavar adi like evide,I am waiting for kappan Moganla and Surya\tnot-malayalam
2.10- joju ‡¥ö‡µá‡¥ü‡µç‡¥ü‡¥®‡µç‡¥±‡µÜ ‡¥Ü ‡¥á‡¥∞‡µÅ‡¥§‡µç‡¥§‡¥Ç ‡¥ï‡¥£‡µç‡¥ü‡¥ø‡¥ü‡µç‡¥ü‡µç ‡¥ï‡¥ø‡¥∞‡µÄ‡¥ü‡¥Ç ‡¥ü‡¥ö‡µç‡¥ö‡µç‚Äå ‡¥§‡µã‡¥®‡µç‡¥®‡¥ø‡¥Ø‡¥µ‡µº ‡¥â‡¥£‡µç‡¥ü‡µã,2.10- joju ‡¥ö‡µá‡¥ü‡µç‡¥ü‡¥®‡µç‡¥±‡µÜ ‡¥Ü ‡¥á‡¥∞‡µÅ‡¥§‡µç‡¥§‡¥Ç ‡¥ï‡¥£‡µç‡¥ü‡¥ø‡¥ü‡µç‡¥ü‡µç ‡¥ï‡¥ø‡¥∞‡µÄ‡¥ü‡¥Ç ‡¥ü‡¥ö‡µç‡¥ö‡µç‚Äå ‡¥§‡µã‡¥®‡µç‡¥®‡¥ø‡¥Ø‡¥µ‡µº ‡¥â‡¥£‡µç‡¥ü‡µã,‡¥∑‡µà‡¥≤‡µã‡¥ï‡µç‡¥ï‡µç ‡¥®‡µç‡¥±‡µÜ ‡¥®‡¥≤‡µç‡¥≤ ‡¥ü‡µÄ‡¥∏‡µº ‡¥Ü‡¥Ø‡¥ø‡¥ü‡µç‡¥ü‡µç ‡¥™‡µã‡¥≤‡µÅ‡¥Ç ‡¥ü‡µç‡¥∞‡µã‡¥≥‡¥ø ‡¥®‡¥ü‡¥®‡µç‡¥® ‡¥≤‡¥æ‡¥≤‡µá‡¥ü‡µç‡¥ü‡µª ‡¥´‡¥æ‡µª‡¥∏‡¥ø‡¥®‡µç ‡¥ï‡¥ø‡¥ü‡µç‡¥ü‡¥ø‡¥Ø‡µä‡¥∞‡µÅ ‡¥®‡¥≤‡µç‡¥≤‡µä‡¥∞‡µÅ ‡¥§‡¥ø‡¥∞‡¥ø‡¥ö‡µç‡¥ö‡¥ü‡¥ø ‡¥§‡¥®‡µç‡¥®‡µÜ ‡¥Ü‡¥Ø‡¥ø‡¥∞‡¥ø‡¥®‡µç‡¥®‡µÅ ‡¥¨‡¥ø‡¥ó‡µç ‡¥¨‡µç‡¥∞‡¥¶‡µº ‡¥®‡µç‡¥±‡µÜ ‡¥ü‡µç‡¥∞‡µÜ‡¥Ø‡µç‚Äå‡¥≤‡µº\tNot_offensive
Engane aada uvve 32K dislikes okke vanne? nammude naatil athrem mandanmaar undo ,Engane aada uvve 32K dislikes okke vanne? nammude naatil athrem mandanmaar undo ,eda rithwik nine njan theriparjilaloo ennitt ninte samkkaram kanichuvale f fff .valarthu dhosham nint ppp\tOffensive_Untargetede
‡¥™‡¥ü‡¥Ç ‡¥ï‡¥æ‡¥£‡¥æ‡¥§‡µç‡¥§‡¥µ‡¥∞‡µÅ‡¥£‡µç‡¥ü‡¥ô‡µç‡¥ï‡¥ø‡µΩ ‡¥á‡¥®‡µç‡¥®‡µç ‡¥§‡¥®‡µç‡¥®‡µÜ ‡¥™‡µã‡¥Ø‡¥ø ‡¥ï‡¥£‡µç‡¥ü‡µã ‡¥Æ‡¥ï‡µç‡¥ï‡¥≥‡µÜ,‡¥™‡¥ü‡¥Ç ‡¥ï‡¥æ‡¥£‡¥æ‡¥§‡µç‡¥§‡¥µ‡¥∞‡µÅ‡¥£‡µç‡¥ü‡¥ô‡µç‡¥ï‡¥ø‡µΩ ‡¥á‡¥®‡µç‡¥®‡µç ‡¥§‡¥®‡µç‡¥®‡µÜ ‡¥™‡µã‡¥Ø‡¥ø ‡¥ï‡¥£‡µç‡¥ü‡µã ‡¥Æ‡¥ï‡µç‡¥ï‡¥≥‡µÜ,‡¥ú‡¥ø‡¥Æ‡¥ø‡¥ü‡µç‡¥ü‡µä‡¥≥‡¥ø‡¥ï‡µæ ‡¥á‡¥™‡µç‡¥™‡µã‡¥≥‡µÜ unlike ‡¥Ö‡¥ü‡¥ø‡¥ö‡µç‡¥ö‡µÅ ‡¥§‡µÅ‡¥ü‡¥ô‡µç‡¥ô‡¥ø  ‡¥Ö‡¥∏‡µÅ‡¥∞‡µª loading..\tOffensive_target_insult_Group
Enta joju etta ningalithe ende bhavichaa,Enta joju etta ningalithe ende bhavichaa,eda rithwik nine njan theriparjilaloo ennitt ninte samkkaram kanichuvale f fff .valarthu dhosham nint ppp\tOffensive_Untargetede
‡¥à ‡¥ì‡¥£‡¥Ç ‡¥ï‡¥¥‡¥ø‡¥û‡µç‡¥û‡¥ø‡¥ü‡µç‡¥ü‡µç ‡¥Ö‡¥ü‡µÅ‡¥§‡µç‡¥§ ‡¥ì‡¥£‡¥Ç ‡¥Ü‡¥Ø‡¥ø,‡¥à ‡¥ì‡¥£‡¥Ç ‡¥ï‡¥¥‡¥ø‡¥û‡µç‡¥û‡¥ø‡¥ü‡µç‡¥ü‡µç ‡¥Ö‡¥ü‡µÅ‡¥§‡µç‡¥§ ‡¥ì‡¥£‡¥Ç ‡¥Ü‡¥Ø‡¥ø,‡¥∑‡µà‡¥≤‡µã‡¥ï‡µç‡¥ï‡µç ‡¥®‡µç‡¥±‡µÜ ‡¥®‡¥≤‡µç‡¥≤ ‡¥ü‡µÄ‡¥∏‡µº ‡¥Ü‡¥Ø‡¥ø‡¥ü‡µç‡¥ü‡µç ‡¥™‡µã‡¥≤‡µÅ‡¥Ç ‡¥ü‡µç‡¥∞‡µã‡¥≥‡¥ø ‡¥®‡¥ü‡¥®‡µç‡¥® ‡¥≤‡¥æ‡¥≤‡µá‡¥ü‡µç‡¥ü‡µª ‡¥´‡¥æ‡µª‡¥∏‡¥ø‡¥®‡µç ‡¥ï‡¥ø‡¥ü‡µç‡¥ü‡¥ø‡¥Ø‡µä‡¥∞‡µÅ ‡¥®‡¥≤‡µç‡¥≤‡µä‡¥∞‡µÅ ‡¥§‡¥ø‡¥∞‡¥ø‡¥ö‡µç‡¥ö‡¥ü‡¥ø ‡¥§‡¥®‡µç‡¥®‡µÜ ‡¥Ü‡¥Ø‡¥ø‡¥∞‡¥ø‡¥®‡µç‡¥®‡µÅ ‡¥¨‡¥ø‡¥ó‡µç ‡¥¨‡µç‡¥∞‡¥¶‡µº ‡¥®‡µç‡¥±‡µÜ ‡¥ü‡µç‡¥∞‡µÜ‡¥Ø‡µç‚Äå‡¥≤‡µº\tNot_offensive
‡¥Ö‡¥™‡µç‡¥™‡µä ‡¥ú‡µã‡¥∑‡¥ø ‡¥∏‡¥æ‡µº ‡¥á‡¥µ‡¥ø‡¥ü‡µÜ‡¥Ø‡µä‡¥ï‡µç‡¥ï‡µÜ  ‡¥§‡¥®‡µç‡¥®‡µÜ‡¥Ø‡µÅ‡¥£‡µç‡¥ü‡¥≤‡µç‡¥≤‡µá ... Thanks ‡¥à ‡¥§‡¥ø‡¥∞‡¥ø‡¥ö‡µç‡¥ö‡µÅ ‡¥µ‡¥∞‡¥µ‡¥ø‡¥®‡µç,‡¥Ö‡¥™‡µç‡¥™‡µä ‡¥ú‡µã‡¥∑‡¥ø ‡¥∏‡¥æ‡µº ‡¥á‡¥µ‡¥ø‡¥ü‡µÜ‡¥Ø‡µä‡¥ï‡µç‡¥ï‡µÜ  ‡¥§‡¥®‡µç‡¥®‡µÜ‡¥Ø‡µÅ‡¥£‡µç‡¥ü‡¥≤‡µç‡¥≤‡µá ... Thanks ‡¥à ‡¥§‡¥ø‡¥∞‡¥ø‡¥ö‡µç‡¥ö‡µÅ ‡¥µ‡¥∞‡¥µ‡¥ø‡¥®‡µç,‡¥∑‡µà‡¥≤‡µã‡¥ï‡µç‡¥ï‡µç ‡¥®‡µç‡¥±‡µÜ ‡¥®‡¥≤‡µç‡¥≤ ‡¥ü‡µÄ‡¥∏‡µº ‡¥Ü‡¥Ø‡¥ø‡¥ü‡µç‡¥ü‡µç ‡¥™‡µã‡¥≤‡µÅ‡¥Ç ‡¥ü‡µç‡¥∞‡µã‡¥≥‡¥ø ‡¥®‡¥ü‡¥®‡µç‡¥® ‡¥≤‡¥æ‡¥≤‡µá‡¥ü‡µç‡¥ü‡µª ‡¥´‡¥æ‡µª‡¥∏‡¥ø‡¥®‡µç ‡¥ï‡¥ø‡¥ü‡µç‡¥ü‡¥ø‡¥Ø‡µä‡¥∞‡µÅ ‡¥®‡¥≤‡µç‡¥≤‡µä‡¥∞‡µÅ ‡¥§‡¥ø‡¥∞‡¥ø‡¥ö‡µç‡¥ö‡¥ü‡¥ø ‡¥§‡¥®‡µç‡¥®‡µÜ ‡¥Ü‡¥Ø‡¥ø‡¥∞‡¥ø‡¥®‡µç‡¥®‡µÅ ‡¥¨‡¥ø‡¥ó‡µç ‡¥¨‡µç‡¥∞‡¥¶‡µº ‡¥®‡µç‡¥±‡µÜ ‡¥ü‡µç‡¥∞‡µÜ‡¥Ø‡µç‚Äå‡¥≤‡µº\tNot_offensive
Any Kerala vijay fans like hite,Any Kerala vijay fans like hite,Oru ratchasan feel kittitu ullalo. Bgm athra adipoliyano\tNot_offensive
‡¥®‡¥Æ‡µç‡¥Æ ‡¥ï‡µÅ‡¥Æ‡µç‡¥™‡¥≥‡¥ô‡µç‡¥ô‡¥ø‡¥ï‡µç‡¥ï‡¥æ‡µº ‡¥≤‡µà‡¥ï‡µç‚Äå ‡¥Ö‡¥ü‡¥ø  ‡¥á‡¥µ‡¥ø‡¥ü‡µÜ  ‡¥ï‡¥æ‡¥£‡¥ü‡µç‡¥ü‡µÜ ‡¥Æ‡¥æ‡¥∏‡µç‡¥∏‡µç,‡¥®‡¥Æ‡µç‡¥Æ ‡¥ï‡µÅ‡¥Æ‡µç‡¥™‡¥≥‡¥ô‡µç‡¥ô‡¥ø‡¥ï‡µç‡¥ï‡¥æ‡µº ‡¥≤‡µà‡¥ï‡µç‚Äå ‡¥Ö‡¥ü‡¥ø  ‡¥á‡¥µ‡¥ø‡¥ü‡µÜ  ‡¥ï‡¥æ‡¥£‡¥ü‡µç‡¥ü‡µÜ ‡¥Æ‡¥æ‡¥∏‡µç‡¥∏‡µç,‡¥∑‡µà‡¥≤‡µã‡¥ï‡µç‡¥ï‡µç ‡¥®‡µç‡¥±‡µÜ ‡¥®‡¥≤‡µç‡¥≤ ‡¥ü‡µÄ‡¥∏‡µº ‡¥Ü‡¥Ø‡¥ø‡¥ü‡µç‡¥ü‡µç ‡¥™‡µã‡¥≤‡µÅ‡¥Ç ‡¥ü‡µç‡¥∞‡µã‡¥≥‡¥ø ‡¥®‡¥ü‡¥®‡µç‡¥® ‡¥≤‡¥æ‡¥≤‡µá‡¥ü‡µç‡¥ü‡µª ‡¥´‡¥æ‡µª‡¥∏‡¥ø‡¥®‡µç ‡¥ï‡¥ø‡¥ü‡µç‡¥ü‡¥ø‡¥Ø‡µä‡¥∞‡µÅ ‡¥®‡¥≤‡µç‡¥≤‡µä‡¥∞‡µÅ ‡¥§‡¥ø‡¥∞‡¥ø‡¥ö‡µç‡¥ö‡¥ü‡¥ø ‡¥§‡¥®‡µç‡¥®‡µÜ ‡¥Ü‡¥Ø‡¥ø‡¥∞‡¥ø‡¥®‡µç‡¥®‡µÅ ‡¥¨‡¥ø‡¥ó‡µç ‡¥¨‡µç‡¥∞‡¥¶‡µº ‡¥®‡µç‡¥±‡µÜ ‡¥ü‡µç‡¥∞‡µÜ‡¥Ø‡µç‚Äå‡¥≤‡µº\tNot_offensive
‡¥Æ‡µÇ‡¥§‡µç‡¥§‡µã‡µªü§ó ‡¥®‡¥ø‡¥µ‡¥ø‡µª ‡¥™‡µã‡¥≥‡¥ø ‡¥´‡¥æ‡µª‡¥∏‡µç ‡¥Ö‡¥ü‡¥ø‡¥ï‡µç‡¥ï‡µÅ ‡¥Æ‡¥ï‡µç‡¥ï‡¥≥‡µÜ ‡¥≤‡µà‡¥ï‡µç‡¥ï‡µç,‡¥Æ‡µÇ‡¥§‡µç‡¥§‡µã‡µªü§ó ‡¥®‡¥ø‡¥µ‡¥ø‡µª ‡¥™‡µã‡¥≥‡¥ø ‡¥´‡¥æ‡µª‡¥∏‡µç ‡¥Ö‡¥ü‡¥ø‡¥ï‡µç‡¥ï‡µÅ ‡¥Æ‡¥ï‡µç‡¥ï‡¥≥‡µÜ ‡¥≤‡µà‡¥ï‡µç‡¥ï‡µç,‡¥∑‡µà‡¥≤‡µã‡¥ï‡µç‡¥ï‡µç ‡¥®‡µç‡¥±‡µÜ ‡¥®‡¥≤‡µç‡¥≤ ‡¥ü‡µÄ‡¥∏‡µº ‡¥Ü‡¥Ø‡¥ø‡¥ü‡µç‡¥ü‡µç ‡¥™‡µã‡¥≤‡µÅ‡¥Ç ‡¥ü‡µç‡¥∞‡µã‡¥≥‡¥ø ‡¥®‡¥ü‡¥®‡µç‡¥® ‡¥≤‡¥æ‡¥≤‡µá‡¥ü‡µç‡¥ü‡µª ‡¥´‡¥æ‡µª‡¥∏‡¥ø‡¥®‡µç ‡¥ï‡¥ø‡¥ü‡µç‡¥ü‡¥ø‡¥Ø‡µä‡¥∞‡µÅ ‡¥®‡¥≤‡µç‡¥≤‡µä‡¥∞‡µÅ ‡¥§‡¥ø‡¥∞‡¥ø‡¥ö‡µç‡¥ö‡¥ü‡¥ø ‡¥§‡¥®‡µç‡¥®‡µÜ ‡¥Ü‡¥Ø‡¥ø‡¥∞‡¥ø‡¥®‡µç‡¥®‡µÅ ‡¥¨‡¥ø‡¥ó‡µç ‡¥¨‡µç‡¥∞‡¥¶‡µº ‡¥®‡µç‡¥±‡µÜ ‡¥ü‡µç‡¥∞‡µÜ‡¥Ø‡µç‚Äå‡¥≤‡µº\tNot_offensive
Oru pandi comedy pandum pole unnd,Oru pandi comedy pandum pole unnd,I am waiting for kappan Moganla and Surya\tnot-malayalam
‡¥Æ‡¥û‡µç‡¥ö‡µÅ ‡¥µ‡¥æ‡¥∞‡¥ø‡¥Ø‡¥∞‡µç‚Äç ‡¥á‡¥§‡µç ‡¥û‡µÜ‡¥∞‡¥ø‡¥ï‡µç‡¥ï‡µÅ‡¥Ç... ‡¥í‡¥™‡µç‡¥™‡¥Ç ‡¥±‡µã‡¥∑‡¥®‡µç‚Äç ‡¥Ü‡¥£‡µç‡¥ü‡µç‡¥∞‡µç‡¥Ø‡µÇ‡¥∏‡µç ‡¥Ö‡¥µ‡¥§‡¥∞‡¥ø‡¥™‡µç‡¥™‡¥ø‡¥ï‡µç‡¥ï‡µÅ‡¥®‡µç‡¥® ‡¥µ‡¥ø‡¥≤‡µç‡¥≤‡¥®‡µç‚Äç ‡¥µ‡µá‡¥∑‡¥µ‡µÅ‡¥Ç..,‡¥Æ‡¥û‡µç‡¥ö‡µÅ ‡¥µ‡¥æ‡¥∞‡¥ø‡¥Ø‡¥∞‡µç‚Äç ‡¥á‡¥§‡µç ‡¥û‡µÜ‡¥∞‡¥ø‡¥ï‡µç‡¥ï‡µÅ‡¥Ç... ‡¥í‡¥™‡µç‡¥™‡¥Ç ‡¥±‡µã‡¥∑‡¥®‡µç‚Äç ‡¥Ü‡¥£‡µç‡¥ü‡µç‡¥∞‡µç‡¥Ø‡µÇ‡¥∏‡µç ‡¥Ö‡¥µ‡¥§‡¥∞‡¥ø‡¥™‡µç‡¥™‡¥ø‡¥ï‡µç‡¥ï‡µÅ‡¥®‡µç‡¥® ‡¥µ‡¥ø‡¥≤‡µç‡¥≤‡¥®‡µç‚Äç ‡¥µ‡µá‡¥∑‡¥µ‡µÅ‡¥Ç..,‡¥ú‡¥ø‡¥Æ‡¥ø‡¥ü‡µç‡¥ü‡µä‡¥≥‡¥ø‡¥ï‡µæ ‡¥á‡¥™‡µç‡¥™‡µã‡¥≥‡µÜ unlike ‡¥Ö‡¥ü‡¥ø‡¥ö‡µç‡¥ö‡µÅ ‡¥§‡µÅ‡¥ü‡¥ô‡µç‡¥ô‡¥ø  ‡¥Ö‡¥∏‡µÅ‡¥∞‡µª loading..\tOffensive_target_insult_Group
‡¥Ö‡¥§‡µç ‡¥∏‡¥§‡µç‡¥Ø‡¥Ç,‡¥Ö‡¥§‡µç ‡¥∏‡¥§‡µç‡¥Ø‡¥Ç,‡¥Ü‡¥∞‡¥£‡µç‡¥ü ‡¥Ü‡¥∞‡¥£‡µç‡¥ü ‡¥§‡¥≤‡µÅ‡¥£‡µç‡¥ü‡¥æ‡¥ï‡¥æ‡¥£‡¥æ ‡¥Ü‡¥∞‡¥£‡µç‡¥ü ‡¥û‡¥æ‡µª ‡¥Ü‡¥£‡µç‡¥ü ‡¥û‡¥æ‡µª ‡¥Ü‡¥£‡µç‡¥ü ‡¥û‡¥æ‡µª Royal Mech ‡¥Ü‡¥ü‡¥æ  ‡¥Ü‡¥∞‡¥£‡µç‡¥ü ‡¥Ü‡¥∞‡¥£‡µç‡¥ü ‡¥Æ‡µÄ‡¥∂ ‡¥™‡¥ø‡¥∞‡¥ø‡¥ï‡µç‡¥ï‡µÅ‡¥®‡µç‡¥® ‡¥Ü‡¥∞‡¥£‡µç‡¥ü ‡¥û‡¥æ‡µª ‡¥Ü‡¥£‡µç‡¥ü ‡¥û‡¥æ‡µª ‡¥Ü‡¥£‡µç‡¥ü ‡¥û‡¥æ‡µª royal Mech ‡¥Ü‡¥ü‡¥æ\tNot_offensive
Pwoli ee vishu ikkante kayile urap,Pwoli ee vishu ikkante kayile urap,I am waiting for kappan Moganla and Surya\tnot-malayalam
Ninakku eni Malayalam intrustriyil polikkan pattumo boss se Ikka no dilouge only action,Ninakku eni Malayalam intrustriyil polikkan pattumo boss se Ikka no dilouge only action,Oru ratchasan feel kittitu ullalo. Bgm athra adipoliyano\tNot_offensive
